top level domain,count
com,2973766
org,644271
co.uk,168899
net,165575
edu,125957
com.au,66998
ca,57829
info,54733
gov,45878
eu,35162
in,32838
de,31803
ac.uk,31795
org.uk,31117
co.za,22600
tk,19259
ie,16439
co,16265
us,15967
ru,15743
nl,15361
it,13051
co.nz,12323
io,12017
org.au,9978
fr,9889
edu.au,9093
ch,8860
me,8801
blog,8727
int,6914
uk,6686
be,6625
se,6622
pl,6074
biz,5989
cz,5391
gov.au,5354
es,5345
tv,4879
org.za,3751
dk,3653
co.in,3519
gov.uk,3396
jp,3380
org.nz,3380
no,3281
fi,3125
ro,3014
gr,2866
net.au,2851
at,2709
org.in,2610
sg,2603
xyz,2512
com.sg,2405
cn,2393
com.br,2220
com.pk,2146
edu.sg,2119
pt,2089
ng,2065
ac.za,2045
br,1992
com.ng,1972
lk,1937
ac.in,1924
hu,1898
news,1860
ml,1841
com.my,1734
ac.nz,1700
ga,1681
ac.ir,1654
club,1645
ae,1604
ac.jp,1575
ph,1556
cc,1500
is,1499
com.ph,1469
govt.nz,1466
jobs,1381
ir,1313
online,1282
fm,1280
co.jp,1269
my,1264
cf,1248
scot,1219
org.il,1188
sk,1172
ac.cn,1164
co.ke,1149
asia,1144
ac.at,1097
com.ua,1064
pk,1058
hk,1040
com.cn,1014
go.jp,996
vn,985
gov.in,983
gq,983
edu.cn,975
ws,965
pro,948
co.il,933
hr,925
ac.id,896
lu,891
cl,886
nz,871
co.zw,865
media,864
ee,861
ac.kr,822
gc.ca,810
mil,800
gov.ph,798
si,798
today,797
nhs.uk,793
on.ca,785
fl.us,781
am,779
wiki,758
lt,756
me.uk,728
name,725
edu.pl,721
life,705
ac.il,693
site,690
mobi,687
com.hk,684
asn.au,675
pw,666
kz,655
com.ar,636
to,635
edu.my,635
nu,626
edu.tw,621
live,621
gob.ar,605
bg,600
com.tw,599
edu.hk,598
law,583
global,580
mx,566
edu.in,565
lv,551
coop,546
travel,546
vic.gov.au,540
edu.sa,531
space,524
cat,515
ai,508
website,507
ua,504
com.mt,501
bc.ca,499
tech,496
london,491
edu.tr,483
ge,480
org.br,471
co.kr,469
wa.gov.au,465
ac.rs,463
org.cn,459
gov.hk,453
world,452
qld.gov.au,443
top,443
reviews,429
ly,427
rs,426
nic.in,423
or.kr,419
res.in,419
com.tr,417
com.vn,402
net.nz,400
org.my,399
,397
nyc,396
org.ua,394
or.jp,392
tips,391
ms.us,370
tw,370
co.id,369
gov.ar,368
edu.pk,363
org.sg,359
az,355
com.mx,354
guru,354
aero,342
org.hk,337
com.gh,335
agency,334
qc.ca,332
oh.us,329
va,321
co.ug,321
re.kr,319
com.na,313
wales,313
gov.za,311
ct.us,307
gov.cn,307
art,307
press,306
network,301
bb,299
gov.sg,293
mb.ca,287
edu.ph,285
com.bd,282
com.pl,282
im,281
su,279
kr,279
guide,273
md,270
by,266
net.in,259
ac.th,253
tx.us,249
com.np,245
la,244
sa.gov.au,243
id,240
mn,239
ac.ke,237
org.eg,234
edu.ng,234
community,233
one,229
co.th,228
rocks,228
org.vn,227
education,227
digital,226
ac.be,224
waw.pl,222
vc,221
org.pl,220
solutions,220
design,215
tl,214
church,213
na,209
gov.tr,209
review,209
gov.pl,208
ac.cy,198
gov.lk,195
gov.jm,195
mn.us,193
pub,192
africa,191
org.tr,190
gg,188
ab.ca,187
edu.mx,180
org.pk,177
id.au,177
app,176
group,174
al.us,172
legal,172
co.tz,171
bz,170
org.ph,169
tas.gov.au,168
kiev.ua,168
gov.my,166
co.tt,165
cymru,165
ps,165
co.bw,164
au,162
st,161
ngo,161
mu,161
center,161
ninja,158
international,158
gov.ng,158
org.tw,158
company,157
edu.gh,156
ug,156
com.cy,156
technology,154
science,153
photography,153
gov.tw,148
gov.pk,147
edu.vn,147
li,144
edu.ua,143
ba,141
store,141
go.id,140
work,140
gov.zw,139
link,139
police.uk,138
school.nz,138
studio,138
academy,135
finance,134
al,134
nsw.edu.au,134
cloud,132
fun,130
icu,130
ooo,129
org.ng,128
com.fj,128
ltd.uk,128
works,128
ma,127
watch,126
edu.co,125
ky,124
ac,124
com.co,124
in.ua,122
codes,122
ag,121
vic.edu.au,121
cx,120
bm,119
xn--p1ai,119
gov.ie,119
il.us,118
ne.jp,118
report,117
cu,116
ac.fj,115
org.np,114
gd,110
events,110
shop,108
edu.bd,107
zone,107
expert,107
or.id,106
institute,104
net.pl,103
gm,103
win,103
realtor,102
bio,101
com.bz,100
bt,100
asso.fr,99
org.rs,99
com.lb,97
nj.us,97
or.us,97
com.sa,97
beer,96
uz,96
directory,95
mk,94
qa,94
ms,92
gy,91
org.co,91
org.ar,91
social,91
gr.jp,90
games,89
city,89
org.mt,88
edu.eg,88
help,87
click,86
kg,86
school,86
nv.us,85
in.th,85
edu.jo,85
buzz,83
marketing,83
gov.ua,82
love,82
sh,81
consulting,81
bank,80
ink,80
or.th,80
bw,79
ac.ae,78
training,78
ac.cr,77
swiss,77
je,77
fed.us,76
berlin,76
ca.us,76
org.kh,75
gallery,75
org.mx,74
af,74
museum,74
edu.lb,74
earth,74
ac.lk,73
eus,72
capital,70
sk.ca,68
bnpparibas,67
audio,67
mt,67
edu.mk,66
wa.us,66
lawyer,66
go.ke,66
wa.edu.au,66
fo,65
tools,65
vu,65
saxo,64
av.tr,64
gi,64
edu.ar,64
health,63
edu.pe,63
edu.iq,63
care,63
sc,61
co.zm,61
land,61
edu.np,61
gov.vn,60
software,60
abbott,59
edu.br,59
fyi,59
dev,59
foundation,59
edu.qa,58
com.ge,58
gov.bd,58
gv.at,58
edu.mo,58
co.at,58
dp.ua,57
gov.rs,57
co.us,57
services,57
vip,56
download,56
or.ke,56
qld.edu.au,56
tax,55
cm,55
careers,55
house,55
vegas,54
edu.mt,54
ac.bd,54
fit,54
re,53
om,52
net.ua,52
go.kr,52
bike,52
go.ug,52
co.ls,51
gov.by,51
ind.in,51
energy,51
systems,51
tokyo,50
va.us,50
date,49
nl.ca,49
attorney,49
gov.cy,49
coach,49
gov.az,47
ac.ug,46
gov.kh,46
market,46
org.mk,45
wtf,45
ventures,45
moe,45
lviv.ua,44
kpmg,43
nf.ca,43
yk.ca,43
rw,43
pa.us,43
coffee,43
party,43
k12.wi.us,43
support,43
ns.ca,43
kent.sch.uk,43
wv.us,42
wi.us,42
herts.sch.uk,42
photo,42
go.tz,42
ht,41
do,41
jo,41
gov.gy,41
plus,41
tn,41
team,41
brussels,41
surgery,40
org.fj,40
kitchen,40
kiwi,40
domains,40
edu.gr,40
surrey.sch.uk,40
pictures,40
com.mo,39
mi.us,39
business,39
gov.lv,39
go.th,39
org.cy,39
gov.tt,39
org.bd,39
partners,39
photos,39
k12.ny.us,38
net.cn,38
gouv.fr,38
host,38
k12.mn.us,37
lib.nh.us,36
gov.kz,36
gs,36
stream,36
ltd,36
property,35
ny.us,35
tt,35
web.id,35
co.im,34
run,34
pm,34
video,34
university,34
show,34
org.tt,33
gen.tr,33
com.pg,33
style,33
com.es,33
md.us,33
sa.edu.au,33
pe,33
clinic,32
fund,32
gov.ge,32
gov.np,32
paris,32
or.at,32
bid,32
va.it,31
ri.us,31
ac.vn,31
edu.uy,31
hamburg,31
com.kh,31
trade,31
catholic.edu.au,31
cafe,31
lib.in.us,30
edu.kz,30
com.eg,30
gdn,30
dz,30
google,29
build,29
edu.om,29
exchange,29
tc,29
men,28
tj,28
red,28
as,28
sa,28
ma.us,28
gov.ae,28
farm,28
kyiv.ua,27
nh.us,27
best,27
pe.ca,27
gob.mx,27
bi,27
mv,27
aq,27
edu.et,27
edu.ec,27
net.br,27
nc.us,27
tours,27
eg,27
fitness,27
chat,27
hants.sch.uk,27
net.kg,26
miami,26
agric.za,26
irish,26
cricket,26
kiwi.nz,26
ec,26
com.pe,26
loans,26
money,26
org.uy,25
eco,25
gov.et,25
com.mk,25
gen.nz,25
iwi.nz,25
golf,25
org.zw,25
canon,24
k12.la.us,24
exposed,24
recipes,24
mom,24
wroclaw.pl,24
gov.pg,24
edu.ge,24
gov.bt,24
camp,24
gov.gh,24
gov.br,24
yoga,24
of.by,23
com.sb,23
edu.dz,23
com.uy,23
com.pa,23
lol,23
gov.eg,23
quebec,23
college,23
amsterdam,23
com.mm,23
bet,23
mw,23
physio,23
vg,23
or.ug,23
org.sa,23
k12.ma.us,23
gratis,23
k12.ca.us,23
pharmacy,22
estate,22
co.rs,22
green,22
properties,22
vision,22
k12.va.us,22
cash,22
sydney,22
gal,22
melbourne,22
wine,22
com.gr,22
com.ni,21
casino,21
com.bn,21
place,21
edu.jm,21
org.je,21
n-yorks.sch.uk,21
devon.sch.uk,21
jll,20
financial,20
net.pk,20
cern,20
com.pt,20
fish,20
k12.nc.us,20
mc,20
healthcare,20
k12.or.us,20
oxon.sch.uk,20
org.gr,20
forsale,19
how,19
gov.mv,19
ar,19
engineering,19
krd,19
faith,19
gop,19
gov.il,19
cambs.sch.uk,19
direct,19
com.hr,19
k12.ga.us,19
sch.id,19
band,19
k12.oh.us,19
moda,18
fi.it,18
pro.br,18
hosting,18
uy,18
ist,18
ga.us,18
net.my,18
cool,18
org.gg,18
k12.fl.us,18
health.nz,18
ac.tz,18
dance,18
lancs.sch.uk,18
film,18
basketball,17
tn.it,17
gov.bb,17
sy,17
org.ae,17
ad,17
pr,17
org.pe,17
loan,17
gov.mk,17
associates,17
nm.us,17
gov.sa,17
gob.gt,16
mo,16
limo,16
lat,16
ak.us,16
geek.nz,16
gt,16
k12.nj.us,16
k12.pa.us,16
kim,16
lincs.sch.uk,16
ax,16
gov.it,16
cumbria.sch.uk,16
or.tz,16
k12.in.us,16
gov.lc,15
rv.ua,15
gob.es,15
gov.af,15
gov.sl,15
org.sz,15
repair,15
taxi,15
edu.mm,15
org.jm,15
com.ve,15
cr,15
k12.ia.us,15
gov.lb,15
football,15
bh,15
dental,15
bham.sch.uk,15
gl,15
essex.sch.uk,15
sumy.ua,14
rest,14
org.im,14
pictet,14
gov.kn,14
dhl,14
gob.pe,14
tf,14
gent,14
shiksha,14
plc.uk,14
nb.ca,14
edu.tt,14
kn,14
com.qa,14
com.ro,14
nf,14
so,14
deals,14
wilts.sch.uk,14
blue,14
staffs.sch.uk,14
productions,14
vet,14
gov.bn,14
act.edu.au,14
dm,13
in.rs,13
gov.me,13
dn.ua,13
gov.dm,13
co.cr,13
tm,13
co.sz,13
sm,13
org.pt,13
surf,13
k12.al.us,13
taipei,13
onl,13
leeds.sch.uk,13
vote,13
ovh,13
cards,13
manchester.sch.uk,13
id.us,13
org.lb,13
ks.us,12
in.us,12
nt.ca,12
org.ls,12
ski,12
archi,12
ne.us,12
camera,12
edu.rs,12
org.al,12
org.ro,12
com.kw,12
dating,12
club.tw,11
neustar,11
vanguard,11
act.au,11
racing,11
edu.lv,11
cab,11
gov.gi,11
enterprises,11
org.mw,11
flights,11
org.mz,11
hi.us,11
gov.co,11
ci,11
la.us,11
edu.ba,11
org.jo,11
black,11
olsztyn.pl,11
org.zm,11
rip,11
org.gh,11
lgbt,11
solar,11
gov.pt,11
cornwall.sch.uk,11
gov.rw,11
com.jo,11
durham.sch.uk,11
trieste.it,10
med.sa,10
media.pl,10
holiday,10
gov.ck,10
nu.ca,10
pics,10
tas.edu.au,10
pe.kr,10
haus,10
edu.sd,10
equipment,10
rentals,10
blog.br,10
xxx,10
istanbul,10
mba,10
industries,10
org.gy,10
edu.kw,10
gov.om,10
gov.gr,10
com.jm,10
dog,10
builders,10
gloucs.sch.uk,10
sx,10
cheshire.sch.uk,10
cy,9
org.bh,9
sport,9
org.bw,9
edu.bh,9
gov.mo,9
observer,9
net.za,9
uno,9
credit,9
ac.mw,9
radio,9
szczecin.pl,9
med.br,9
edu.bt,9
bs,9
adv.br,9
to.it,9
net.co,9
net.tw,9
mt.us,9
k12.ky.us,9
edu.kh,9
hockey,9
idv.tw,9
com.do,9
family,9
co.hu,9
net.uk,9
camden.sch.uk,9
pizza,9
bucks.sch.uk,9
notts.sch.uk,9
lighting,9
graphics,9
edu.za,9
org.mo,9
leics.sch.uk,9
gen.in,8
org.bs,8
co.ir,8
lib.il.us,8
express,8
claims,8
gov.ls,8
insure,8
bible,8
oslo.no,8
cars,8
gov.sb,8
movie,8
coventry.sch.uk,8
k12.wa.us,8
ac.zw,8
org.es,8
management,8
haringey.sch.uk,8
edu.al,8
barcelona,8
art.br,8
sale,8
limited,8
realestate,8
sd,8
wy.us,8
lc,8
richmond.sch.uk,8
dentist,8
luxury,8
investments,8
northants.sch.uk,8
k12.il.us,8
kh.ua,8
org.na,8
fashion,8
town,8
worcs.sch.uk,8
org.ni,7
kr.ua,7
honda,7
info.ke,7
nsn.us,7
mz,7
moscow,7
mp,7
me.us,7
tr,7
gov.ba,7
bo,7
gov.fk,7
edu.ps,7
edu.bn,7
mil.nz,7
ceo,7
jewelry,7
edu.sv,7
zp.ua,7
edu.cu,7
gob.cl,7
com.al,7
fail,7
edu.bz,7
gold,7
bromley.sch.uk,7
k12.mi.us,7
cleaning,7
ac.mu,7
org.ir,7
edu.lk,7
gov.lr,7
edu.bs,7
cam,7
joburg,7
sl,7
lib.mi.us,7
katowice.pl,7
nc,7
gov.al,7
wedding,7
derbyshire.sch.uk,7
k12.mo.us,7
kharkov.ua,7
leicester.sch.uk,7
gov.bm,6
ao,6
priv.no,6
gov.bz,6
sandvik,6
cruises,6
law.za,6
rugby,6
sh.cn,6
delivery,6
tirol,6
gives,6
ut.us,6
gov.bs,6
computer,6
org.ge,6
plumbing,6
trafford.sch.uk,6
vi,6
com.py,6
beds.sch.uk,6
tube,6
od.ua,6
com.ec,6
glass,6
discount,6
garden,6
horse,6
cd,6
org.qa,6
gov.jo,6
co.mw,6
gov.zm,6
gov.fj,6
cheap,6
sd.us,6
brent.sch.uk,6
sheffield.sch.uk,6
edu.af,6
w-sussex.sch.uk,6
tn.us,5
web.pk,5
gov.sd,5
org.dz,5
kpn,5
sanok.pl,5
softbank,5
ismaili,5
net.ky,5
kred,5
barclays,5
k12.co.us,5
guitars,5
org.la,5
arq.br,5
ok.us,5
k12.me.us,5
courses,5
slough.sch.uk,5
co.rw,5
com.af,5
tickets,5
bydgoszcz.pl,5
firm.in,5
nrw,5
rehab,5
co.ck,5
gov.mw,5
gov.ma,5
bristol.sch.uk,5
roma.it,5
soccer,5
croydon.sch.uk,5
sz,5
com.mv,5
gov.la,5
org.bb,5
bar,5
construction,5
gos.pk,5
com.bh,5
ar.us,5
gov.tm,5
dj,5
email,5
cw,5
maori.nz,5
towerhamlets.sch.uk,5
org.af,5
bolton.sch.uk,5
opole.pl,5
gov.mm,5
ealing.sch.uk,5
sch.ng,5
parts,5
wigan.sch.uk,5
capetown,5
walsall.sch.uk,5
iq,5
lewisham.sch.uk,5
pink,5
org.ve,5
cfa,4
sa.cr,4
net.mv,4
ls,4
lebork.pl,4
nr,4
com.ba,4
me.ke,4
org.ee,4
lucca.it,4
gov.tl,4
security,4
com.pr,4
gov.tn,4
k12.ct.us,4
k12.ak.us,4
ra.it,4
praxi,4
crs,4
lib.la.us,4
ve,4
gov.sh,4
zm,4
com.et,4
ong,4
suffolk.sch.uk,4
com.la,4
co.om,4
eng.br,4
ke,4
pf,4
tg,4
clothing,4
saarland,4
reit,4
doctor,4
edu.gy,4
hm,4
sp.gov.br,4
edu.es,4
promo,4
merton.sch.uk,4
w-berks.sch.uk,4
page,4
diet,4
gmbh,4
vic.au,4
prd.fr,4
sn,4
wandsworth.sch.uk,4
ia.us,4
my.id,4
gov.vc,4
k12.sc.us,4
northumberland.sch.uk,4
study,4
voyage,4
derby.sch.uk,4
gov.ms,4
oldham.sch.uk,4
az.us,4
gov.to,4
newham.sch.uk,4
org.pg,4
lg.jp,4
kommune.no,4
newcastle.sch.uk,4
poole.sch.uk,4
edu.sy,4
gov.mn,4
dorset.sch.uk,4
frl,4
norfolk.sch.uk,4
aberdeen.sch.uk,4
cologne,3
radom.pl,3
sony,3
a.se,3
memorial,3
etc.br,3
teva,3
vgs.no,3
na.it,3
co.it,3
gp,3
gf,3
sbi,3
com.ky,3
durban,3
gop.pk,3
bn.it,3
condos,3
trento.it,3
maison,3
yandex,3
law.pro,3
id.lv,3
jor.br,3
edu.to,3
mus.br,3
gw,3
edin.sch.uk,3
immo,3
or.cr,3
bialystok.pl,3
rbkc.sch.uk,3
co.ma,3
qld.au,3
weber,3
info.tr,3
lib.me.us,3
hull.sch.uk,3
org.ws,3
kyoto,3
cri.nz,3
villas,3
sr,3
net.ph,3
org.mn,3
seoul.kr,3
net.ng,3
mg,3
markets,3
accountants,3
engineer,3
trading,3
te.ua,3
sutton.sch.uk,3
marche.it,3
emilia-romagna.it,3
net.ar,3
org.ky,3
tokyo.jp,3
bot,3
co.fk,3
singles,3
ac.pg,3
mo.us,3
com.bt,3
lib.nj.us,3
wokingham.sch.uk,3
nsw.au,3
auction,3
com.bo,3
re.it,3
pulawy.pl,3
solihull.sch.uk,3
cooking,3
e-sussex.sch.uk,3
ruhr,3
lib.sc.us,3
gob.ec,3
sandwell.sch.uk,3
gov.ir,3
reading.sch.uk,3
mil.ng,3
gov.sy,3
gov.bh,3
havering.sch.uk,3
cv,3
vacations,3
hounslow.sch.uk,3
sch.lk,3
bz.it,3
gub.uy,3
warszawa.pl,3
ac.rw,3
menu,3
gov.qa,3
poker,3
rent,3
mi.it,3
biz.pl,3
ed.jp,3
org.bz,3
restaurant,3
wien,3
southwark.sch.uk,3
wirral.sch.uk,3
enfield.sch.uk,3
ac.ma,3
rochdale.sch.uk,3
tattoo,3
co.mz,3
furniture,3
tychy.pl,2
soy,2
bologna.it,2
org.ma,2
org.me,2
at.it,2
gov.lt,2
sap,2
org.sb,2
com.lr,2
erni,2
ne.kr,2
edu.dm,2
gov.ki,2
hitachi,2
nom.co,2
pesarourbino.it,2
aw,2
k12.md.us,2
org.az,2
com.fr,2
inf.br,2
com.ag,2
afl,2
pisa.it,2
edu.lc,2
mil.za,2
creditcard,2
com.zm,2
from.hr,2
edu.lr,2
edu.ci,2
net.kw,2
info.ve,2
oz.au,2
org.gu,2
bath.sch.uk,2
parliament.nz,2
vlaanderen,2
toyota,2
net.ma,2
medway.sch.uk,2
sci.eg,2
tsk.tr,2
if.ua,2
km.ua,2
desa.id,2
lib.ut.us,2
per.sg,2
gov.kp,2
xn--80asehdb,2
net.pr,2
mil.np,2
gov.ws,2
shropshire.sch.uk,2
nagoya,2
auto,2
edu.ht,2
com.tt,2
k12.ar.us,2
wang,2
edu.do,2
gift,2
de.us,2
co.me,2
k12.tx.us,2
malopolska.pl,2
tel,2
org.mv,2
edu.mv,2
desi,2
edu.az,2
holdings,2
org.ec,2
rodeo,2
info.pl,2
k12.ok.us,2
lib.oh.us,2
org.mm,2
abudhabi,2
gob.pk,2
verona.it,2
odessa.ua,2
swindon.sch.uk,2
com.gt,2
nordkapp.no,2
co.ve,2
boston,2
ind.br,2
co.je,2
xn--j1amh,2
organic,2
com.sv,2
edu.ee,2
supplies,2
shoes,2
supply,2
degree,2
bradford.sch.uk,2
zgora.pl,2
bathnes.sch.uk,2
sky,2
org.hu,2
go.cr,2
gov.iq,2
eco.br,2
vt.us,2
nd.us,2
org.lr,2
casa,2
lib.al.us,2
xn--90a3ac,2
lombardia.it,2
stockport.sch.uk,2
sejny.pl,2
sc.us,2
game,2
corsica,2
st-helens.sch.uk,2
k12.tr,2
k12.ms.us,2
edu.sl,2
barnet.sch.uk,2
fishing,2
hs.kr,2
bexley.sch.uk,2
greenwich.sch.uk,2
ac.pa,2
edu.ky,2
ne,2
bo.it,2
kingston.sch.uk,2
s-lanark.sch.uk,2
pet,2
gok.pk,2
namerikawa.toyama.jp,1
bracknell-forest.sch.uk,1
vet.br,1
pa.it,1
actor,1
org.ug,1
cc.mi.us,1
poltava.ua,1
tameside.sch.uk,1
cc.nj.us,1
school.za,1
conwy.sch.uk,1
edu.bb,1
swinoujscie.pl,1
com.bs,1
li.it,1
hn,1
emr.it,1
total,1
org.ki,1
sch.ir,1
org.ai,1
gob.sv,1
edu.gt,1
lib.va.us,1
tur.ar,1
kalisz.pl,1
org.py,1
bzh,1
ifm,1
info.np,1
schule,1
info.tn,1
sos.pl,1
bournemouth.sch.uk,1
name.tr,1
lib.ca.us,1
sebastopol.ua,1
milton-keynes.sch.uk,1
co.ao,1
gob.bo,1
broker,1
tennis,1
vn.ua,1
mil.co,1
pn,1
gov.kw,1
k12.mt.us,1
org.iq,1
dulwich.sch.uk,1
lundbeck,1
darlington.sch.uk,1
ac.me,1
aberdeenshire.sch.uk,1
sa.au,1
firenze.it,1
srl,1
ky.us,1
biz.tr,1
sapporo.jp,1
modena.it,1
xn--tckwe,1
gob.pa,1
hillingdon.sch.uk,1
volvo,1
iwate.jp,1
gouv.sn,1
org.sv,1
knowsley.sch.uk,1
toys,1
nu.it,1
info.hu,1
audi,1
gov.sc,1
gov.dz,1
reise,1
apartments,1
warwickshire.sch.uk,1
com.om,1
lib.ok.us,1
islington.sch.uk,1
web.za,1
venezia.it,1
conf.au,1
b.br,1
ponpes.id,1
org.kz,1
ac.zm,1
fan,1
rj.gov.br,1
mil.bd,1
powys.sch.uk,1
rzeszow.pl,1
xin,1
com.lk,1
ed.cr,1
cv.ua,1
llc,1
yokohama,1
christmas,1
com.az,1
ac.sz,1
torbay.sch.uk,1
com.ug,1
cn.it,1
sc.gov.br,1
toscana.it,1
net.np,1
edu.mw,1
gov.ps,1
cg,1
peterborough.sch.uk,1
barclaycard,1
koeln,1
fukuoka.jp,1
com.ye,1
gov.do,1
vieira.nom.br,1
halton.sch.uk,1
nt.edu.au,1
boutique,1
museum.no,1
york.sch.uk,1
nottingham.sch.uk,1
rotherham.sch.uk,1
fans,1
org.om,1
dudley.sch.uk,1
lib.vt.us,1
gov.pn,1
rwe,1
eun.eg,1
e-dunbarton.sch.uk,1
mk.ua,1
org.gi,1
com.ly,1
k12.ut.us,1
sch.ae,1
wf,1
ks.ua,1
realty,1
med,1
lib.ms.us,1
edu.gi,1
trentino.it,1
name.my,1
cardiff.sch.uk,1
rimini.it,1
net.gr,1
goog,1
democrat,1
lib.wi.us,1
pl.ua,1
rutland.sch.uk,1
net.sg,1
aws,1
net.id,1
es.gov.br,1
k12.az.us,1
lib.wa.us,1
diamonds,1
uw.gov.pl,1
mg.gov.br,1
edu.mn,1
florist,1
creditunion,1
wakefield.sch.uk,1
ar.it,1
cc.ga.us,1
net.il,1
bel.tr,1
palermo.it,1
harrow.sch.uk,1
immobilien,1
et,1
ki,1
gh,1
baby,1
luton.sch.uk,1
org.gt,1
calderdale.sch.uk,1
kyoto.jp,1
edu.ly,1
edu.ws,1
co.cl,1
sucks,1
sc.ug,1
theater,1
org.lc,1
net.lb,1
sc.ke,1
mielec.pl,1
schools.nsw.edu.au,1
gov.gd,1
edu.ni,1
org.kw,1
edu.ve,1
web.tr,1
tatar,1
esp.br,1
webcam,1
i.ng,1
alsace,1
xn--p1acf,1
somerset.sch.uk,1
gov.kg,1
sener,1
ck.ua,1
shell,1
yachts,1
is.it,1
ceredigion.sch.uk,1
salon,1
co.mu,1
org.so,1
ren,1
navy,1
edu.pa,1
kaufen,1
napoli.it,1
gifts,1
fr.it,1
wrexham.sch.uk,1
net.bd,1
uz.ua,1
gob.ve,1
siena.it,1
tas.au,1
juegos,1
okinawa,1
tur.br,1
wloclawek.pl,1
scilly.sch.uk,1
